[
    {
        "affil": "",
        "district_name": "\u0413\u0430\u0439\u0441\u0438\u043d\u0441\u044c\u043a\u0438\u0439",
        "home_ph": "",
        "house_numb": "2",
        "info": "",
        "locality_name": "\u0413\u0430\u0439\u0441\u0438\u043d",
        "locality_t": "\u043c\u0456\u0441\u0442\u043e",
        "manag": "",
        "mobile": "",
        "mobile_2": "",
        "region_name": "\u0412\u0456\u043d\u043d\u0438\u0446\u044c\u043a\u0430",
        "street": "\u041c\u0438\u043a\u043e\u043b\u0438 \u0411\u043e\u0440\u0435\u0446\u044c\u043a\u043e\u0433\u043e",
        "street_t": "\u0432\u0443\u043b\u0438\u0446\u044f",
        "work_ph": ""
    },
    {}
]