[
    {
        "affil": "\u043f\u0440\u043e\u0432\u0435\u0440\u043a\u0430",
        "district_name": "\u041a\u0430\u043b\u044c\u043c\u0456\u0443\u0441\u044c\u043a\u0438\u0439",
        "home_ph": "1111111",
        "house_numb": "76",
        "info": "\u043f\u0440\u043e\u0432\u0435\u0440\u043a\u0430",
        "locality_name": "\u0411\u0443\u0447\u0430",
        "locality_t": "\u043c\u0456\u0441\u0442\u043e",
        "manag": "\u043f\u0440\u043e\u0432\u0435\u0440\u043a\u0430",
        "mobile": "1111111",
        "mobile_2": "1111111",
        "name": "\u043f\u0440\u043e\u0432\u0435\u0440\u043a\u0430",
        "region_name": "\u0414\u043e\u043d\u0435\u0446\u044c\u043a\u0430",
        "street": "\u0412\u0430\u0432\u0456\u043b\u043e\u0432\u0438\u0445",
        "street_t": "\u0432\u0443\u043b\u0438\u0446\u044f",
        "work_ph": "1111111"
    },
    {
        "0": [
            "03.03.2023",
            12,
            "\u043f\u0440\u043e\u0432\u0435\u0440\u043a\u0430",
            "\u043f\u0440\u043e\u0432\u0435\u0440\u043a\u0430"
        ]
    }
]