[
    {
        "affil": "acdc",
        "home_ph": "946354",
        "house_numb": "32",
        "info": " grzd gdrgzdrg rdzg drz grd",
        "manag": "\u043a\u0432\u044f\u043c",
        "mobile": "4252485",
        "mobile_2": "584653",
        "name": " zgr gdzrg d rd",
        "street": "\u0412\u0430\u043b\u043a\u0456\u0432\u0441\u044c\u043a\u0430",
        "street_t": "\u0431\u0443\u043b\u044c\u0432\u0430\u0440",
        "work_ph": "864"
    },
    {
        "0": [
            "01.01.2000",
            "45",
            " zgr gdzrg d rd",
            "dfgd"
        ],
        "1": [
            "01.01.2023",
            "69",
            " zgr gdzrg d rd",
            "\u0432\u043f\u044b\u0432\u0441\u044b\u0432\u0441\u044b"
        ]
    }
]