[
    {
        "affil": "\u0425\u0417",
        "home_ph": "645",
        "house_numb": "9",
        "info": "\u0422\u0440\u0435\u0431\u0430 \u043b\u0456\u043a\u0443\u0432\u0430\u0442\u0438\u0441\u044c ",
        "manag": "\u0444\u0443\u043a\u043c\u0444\u0443\u043c",
        "mobile": "0678526759",
        "mobile_2": "386",
        "name": "sasha",
        "street": "\u0411\u0443\u0434\u0456\u0432\u0435\u043b\u044c\u043d\u0438\u043a\u0456\u0432",
        "street_t": "\u043f\u0440\u043e\u0432\u0443\u043b\u043e\u043a",
        "work_ph": "18556"
    },
    {
        "0": [
            "01.01.2023",
            "56",
            "sasha",
            "dawda"
        ],
        "1": [
            "01.05.2023",
            "57",
            "sasha",
            "segdfgdf"
        ],
        "2": [
            "01.01.2023",
            "57",
            "sasha",
            "dfgdfghgdfhf"
        ],
        "3": [
            "01.01.2023",
            "76",
            "sasha",
            "\u043f\u0430\u0440\u0430\u043f\u0440"
        ],
        "4": [
            "01.01.2023",
            "87",
            "sasha",
            "\u0432\u0430\u043f\u0432\u0430"
        ],
        "5": [
            "01.01.2023",
            "90",
            "sasha",
            "\u043f\u0440\u0432\u0430\u043f\u0432\u043a\u043f\u0432\u043a"
        ]
    }
]