[
    {
        "affil": "\u0425\u0442\u043e",
        "district_name": "\u0413\u0430\u0439\u0441\u0438\u043d\u0441\u044c\u043a\u0438\u0439",
        "home_ph": "",
        "house_numb": "3",
        "info": "\u0444\u0456\u0432\u0430\u0444\u0456\u0430\u0444\u0456",
        "locality_name": "\u0413\u0430\u0439\u0441\u0438\u043d",
        "locality_t": "\u043c\u0456\u0441\u0442\u043e",
        "manag": "\u0410\u0413\u0410",
        "mobile": "854186589",
        "mobile_2": "",
        "region_name": "\u0412\u0456\u043d\u043d\u0438\u0446\u044c\u043a\u0430",
        "street": "\u041c\u0438\u043a\u043e\u043b\u0438 \u0411\u043e\u0440\u0435\u0446\u044c\u043a\u043e\u0433\u043e",
        "street_t": "\u0432\u0443\u043b\u0438\u0446\u044f",
        "work_ph": "451561"
    },
    {
        "0": [
            "01.01.2023",
            "43",
            "\u041f\u0430\u0448\u0430",
            "\u041a\u043e\u0440\u043e\u043d\u0430"
        ],
        "1": [
            "01.01.2023",
            "\u0446\u0444\u0443\u0444\u0446\u0432",
            "\u0444\u044b\u0432\u0444\u044b\u0432",
            "\u0444\u044b\u0432\u0444"
        ]
    }
]