[
    {
        "affil": "\u0432\u044b\u0430\u044b\u0432",
        "district_name": "\u0411\u0443\u0447\u0430\u043d\u0441\u044c\u043a\u0438\u0439",
        "home_ph": "",
        "house_numb": "1",
        "info": "\u0432\u044b\u0430\u044b\u0432",
        "locality_name": "\u0411\u0443\u0447\u0430",
        "locality_t": "\u043c\u0456\u0441\u0442\u043e",
        "manag": "\u0430\u044b\u0432\u0430",
        "mobile": "85619",
        "mobile_2": "",
        "region_name": "\u041a\u0438\u0457\u0432\u0441\u044c\u043a\u0430",
        "street": "\u0410\u0432\u0456\u0430\u0442\u043e\u0440\u0456\u0432",
        "street_t": "\u0432\u0443\u043b\u0438\u0446\u044f",
        "work_ph": ""
    },
    {
        "0": [
            "01.01.2023",
            "\u0432\u044b\u0430\u044b\u0432",
            "\u0432\u044b\u0430",
            "\u044b\u0432\u0430\u044b"
        ]
    }
]