[
    {
        "affil": "",
        "district_name": "\u0413\u0430\u0439\u0441\u0438\u043d\u0441\u044c\u043a\u0438\u0439",
        "home_ph": "",
        "house_numb": "22",
        "info": "",
        "locality_name": "\u0413\u0430\u0439\u0441\u0438\u043d",
        "locality_t": "\u043c\u0456\u0441\u0442\u043e",
        "manag": "",
        "mobile": "",
        "mobile_2": "",
        "region_name": "\u0412\u0456\u043d\u043d\u0438\u0446\u044c\u043a\u0430",
        "street": "\u0411\u0443\u0434\u0456\u0432\u0435\u043b\u044c\u043d\u0430",
        "street_t": "\u0432\u0443\u043b\u0438\u0446\u044f",
        "work_ph": ""
    },
    {
        "0": [
            "16.02.2023",
            "\u044b\u043f\u0432",
            "\u044b\u0432\u043f",
            "\u044b\u043f\u0432\u0430"
        ]
    }
]