[
    {
        "affil": "\u041d\u0435 \u0437\u043d\u0430\u044e",
        "home_ph": "65161",
        "house_numb": "7",
        "info": "\u0422\u0440\u0435\u0431\u0430 \u043b\u0456\u043a\u0443\u0432\u0430\u0442\u0438\u0441\u044f \u0442\u0435\u0440\u043c\u0456\u043d\u043e\u0432\u043e",
        "manag": "\u0432\u0438\u0432\u0430",
        "mobile": "065897432",
        "mobile_2": "615384",
        "name": "\u0413\u043e\u0440\u0431\u0443\u0447 \u0421.\u0412.",
        "street": "\u0413\u0430\u0433\u0430\u0440\u0456\u043d\u0430",
        "street_t": "\u043f\u0440\u043e\u0432\u0443\u043b\u043e\u043a",
        "work_ph": "1515"
    },
    {
        "0": [
            "20.05.2021",
            "54",
            "\u0413\u043e\u0440\u0431\u0443\u0447 \u0421.\u0412.",
            "vnbjgfjha"
        ],
        "1": [
            "20.05.2021",
            "43",
            "\u0413\u043e\u0440\u0431\u0443\u0447 \u0421.\u0412.",
            "bzrdbdh"
        ],
        "2": [
            "10.06.2021",
            "23",
            "\u0413\u043e\u0440\u0431\u0443\u0447 \u0421.\u0412.",
            "bzrbdfdb"
        ],
        "3": [
            "01.07.2021",
            "76",
            "\u0413\u043e\u0440\u0431\u0443\u0447 \u0421.\u0412.",
            "dgzrdgvb"
        ],
        "4": [
            "11.10.2021",
            "96",
            "\u0413\u043e\u0440\u0431\u0443\u0447 \u0421.\u0412.",
            "fdg"
        ],
        "5": [
            "12.10.2021",
            "22",
            "\u0413\u043e\u0440\u0431\u0443\u0447 \u0421.\u0412.",
            "dfgdf"
        ]
    }
]