[
    {
        "affil": "asdas",
        "home_ph": "485",
        "house_numb": "7",
        "info": "fsdfsd",
        "manag": "\u0432\u0444\u0446\u0432asd",
        "mobile": "5545",
        "mobile_2": "4254",
        "name": "dsfsd",
        "street": "fsdf",
        "street_t": "\u043f\u0440\u043e\u0432\u0443\u043b\u043e\u043a",
        "work_ph": "454"
    },
    {
        "0": [
            "01.01.2006",
            "76",
            "dsfsd",
            "sgsegse"
        ]
    }
]