[
    {
        "affil": "\u041d\u0435 \u0437\u043d\u0430\u044e",
        "home_ph": "36115",
        "house_numb": "26",
        "info": "\u0425\u0432\u043e\u0440\u0456\u0454 \u0441\u0438\u043b\u044c\u043d\u043e",
        "manag": "\u0456\u0432\u043c\u043f\u043c\u043a\u0456\u0443",
        "mobile": "0685426978",
        "mobile_2": "1261684123123333",
        "name": "\u0413\u0430\u043b\u0443\u0448\u043a\u0430 \u0422.\u0412.",
        "street": "\u0448\u0435\u0432\u0447\u0435\u043d\u043a\u0430",
        "street_t": "\u0432\u0443\u043b\u0438\u0446\u044f",
        "work_ph": "153"
    },
    {
        "0": [
            "07.07.2021",
            "34",
            "\u0413\u0430\u043b\u0443\u0448\u043a\u0430 \u0422.\u0412.",
            "uigycng"
        ],
        "1": [
            "24.07.2021",
            "26",
            "\u0413\u0430\u043b\u0443\u0448\u043a\u0430 \u0422.\u0412.",
            "eryhrdnvcb"
        ],
        "2": [
            "28.07.2021",
            "52",
            "\u0413\u0430\u043b\u0443\u0448\u043a\u0430 \u0422.\u0412.",
            "hdrdhd"
        ],
        "3": [
            "21.08.2021",
            "21",
            "\u0413\u0430\u043b\u0443\u0448\u043a\u0430 \u0422.\u0412.",
            "\u043f\u0430\u043d\u043a\u0440\u0435dfhdfh\u043e\u0442\u0438\u0442"
        ]
    }
]