[
    {
        "affil": "\u041d\u0435 \u0437\u043d\u0430\u044e",
        "home_ph": "4848683",
        "house_numb": "28",
        "info": "\u0412\u0436\u0435 \u043b\u0456\u043a\u0443\u0454\u0442\u044c\u0441\u044f",
        "manag": "\u043f\u0432\u043a\u043f\u043a\u0440\u0442\u0440\u0442",
        "mobile": "03249865",
        "mobile_2": "343",
        "name": "\u041a\u0443\u0434\u0440\u0438\u0447 \u0412.\u041e.",
        "street": "\u0412\u0435\u0440\u0445\u043e\u0432\u043d\u043e\u0457 \u0440\u0430\u0434\u0438",
        "street_t": "\u0431\u0443\u043b\u044c\u0432\u0430\u0440",
        "work_ph": "34"
    },
    {
        "0": [
            "29.07.2021",
            "45",
            "\u041a\u0443\u0434\u0440\u0438\u0447 \u0412.\u041e.",
            "dfhdf"
        ],
        "1": [
            "25.08.2021",
            "31",
            "\u041a\u0443\u0434\u0440\u0438\u0447 \u0412.\u041e.",
            "dhfdfh"
        ],
        "2": [
            "04.09.2021",
            "42",
            "\u041a\u0443\u0434\u0440\u0438\u0447 \u0412.\u041e.",
            "dhfdfh"
        ],
        "3": [
            "01.10.2021",
            "42",
            "\u041a\u0443\u0434\u0440\u0438\u0447 \u0412.\u041e.",
            "\u043f\u0435\u0440\u0435\u043b\u043e\u043c"
        ]
    }
]